WKT,id,stationcode,stationid,stationname,stationlongitude,stationlatitude,x_25830,y_25830,municipalityname,cod_ine,noms_mun,comarca,provincia,municipalitylongitude,municipalitylatitude,timeinstant,stationtype,stationsource,stid,stname,stvalue,stqualityid,stqualitynamees,stqualitynameca,stqualitycolor,so2id,so2abb,so2value,so2qaulityid,so2qaulitynamees,so2qaulitynameca,so2qualitycolor,no2id,no2abb,no2value,no2qaulityid,no2qaulitynamees,no2qaulitynameca,no2qualitycolor,pm25id,pm25abb,pm25value,pm25qaulityid,pm25qaulitynamees,pm25qaulitynameca,pm25qualitycolor,pm10id,pm10abb,pm10value,pm10qaulityid,pm10qaulitynamees,pm10qaulitynameca,pm10qualitycolor,o3id,o3abb,o3value,o3qaulityid,o3qaulitynamees,o3qaulitynameca,o3qualitycolor,url_cas,url_val
"POINT (738224.830802299 4439047.16896053)","581670","306","12005005",l Alcora,"-0.20658276","40.06802564","738224.83","4439047.17",L'Alcora,"12005",l'Alcora,l'Alcalatén,Castelló/Castellón,"40.07568401","-0.212695663",2026-05-12 07:35:14+02,Inmision,U,"-1","Partículas en Suspensión (< 2,5 µm)",,"0",SIN DATOS (PM2.5),SENSE DADES (PM2.5),#C5C5C5,"001",SO2,,"0",SIN DATOS,SENSE DADES,#C5C5C5,"008",NO2,,"0",SIN DATOS,SENSE DADES,#C5C5C5,"009",PM2.5,,"0",SIN DATOS,SENSE DADES,#C5C5C5,"010",PM10,,"0",SIN DATOS,SENSE DADES,#C5C5C5,"014",O3,,"0",SIN DATOS,SENSE DADES,#C5C5C5,https://rvvcca.pica.gva.es/es/estacion/12005005-l-alcora,https://rvvcca.pica.gva.es/val/estacio/12005005-l-alcora
"POINT (758323.772280664 4429628.80057935)","581637","660","12040306",Castelló AP Mestral,"0.02505017","39.9773674","758323.77","4429628.8",Castelló de la Plana,"12040",Castelló de la Plana,la Plana Alta,Castelló/Castellón,"39.080303899","-0.59166313",2026-05-12 07:35:14+02,Inmision,S,"-1",Partículas en Suspensión (< 10 µm),"11","1",BUENA (PM10),BONA (PM10),#00FFFF,,,,,,,,,,,,,,,"009",PM2.5,7 µg/m³,"1",BUENA,BONA,#00FFFF,"010",PM10,11 µg/m³,"1",BUENA,BONA,#00FFFF,,,,,,,,https://rvvcca.pica.gva.es/es/estacion/12040306-castello-ap-mestral,https://rvvcca.pica.gva.es/val/estacio/12040306-castello-ap-mestral
"POINT (756714.409530471 4426560.64875001)","581638","629","12040305",Castelló AP Xaloc,"0.00501868","39.95025201","756714.41","4426560.65",Castelló de la Plana,"12040",Castelló de la Plana,la Plana Alta,Castelló/Castellón,"39.080303899","-0.59166313",2026-05-12 07:35:14+02,Inmision,S,"-1","Partículas en Suspensión (< 2,5 µm)","2","1",BUENA (PM2.5),BONA (PM2.5),#00FFFF,,,,,,,,,,,,,,,"009",PM2.5,2 µg/m³,"1",BUENA,BONA,#00FFFF,"010",PM10,2 µg/m³,"1",BUENA,BONA,#00FFFF,,,,,,,,https://rvvcca.pica.gva.es/es/estacion/12040305-castello-ap-xaloc,https://rvvcca.pica.gva.es/val/estacio/12040305-castello-ap-xaloc
"POINT (717172.41055978 4249539.86892031)","581695","500","03014009",Alacant - Rabassa,"-0.51415105","38.367711","717172.41","4249539.87",Alacant,"03014",Alacant/Alicante,l'Alacantí,Alacant/Alicante,"40.054351485","-0.350219964",2026-05-12 07:35:14+02,Inmision,S,"-1",Dióxido de Azufre,"1","1",BUENA (SO2),BONA (SO2),#00FFFF,"001",SO2,1 µg/m³,"1",BUENA,BONA,#00FFFF,"008",NO2,13 µg/m³,"1",BUENA,BONA,#00FFFF,"009",PM2.5,4 µg/m³,"1",BUENA,BONA,#00FFFF,"010",PM10,5 µg/m³,"1",BUENA,BONA,#00FFFF,"014",O3,33 µg/m³,"1",BUENA,BONA,#00FFFF,https://rvvcca.pica.gva.es/es/estacion/03014009-alacant-rabassa,https://rvvcca.pica.gva.es/val/estacio/03014009-alacant-rabassa
"POINT (717911.470732731 4246516.70929421)","581694","451","03014008",Alacant - Florida Babel,"-0.50663306","38.34031146","717911.47","4246516.71",Alacant,"03014",Alacant/Alicante,l'Alacantí,Alacant/Alicante,"40.054351485","-0.350219964",2026-05-12 07:35:14+02,Inmision,U,"-1",Ozono,"44","1",BUENA (O3),BONA (O3),#00FFFF,"001",SO2,1 µg/m³,"1",BUENA,BONA,#00FFFF,"008",NO2,32 µg/m³,"1",BUENA,BONA,#00FFFF,,,,,,,,,,,,,,,"014",O3,44 µg/m³,"1",BUENA,BONA,#00FFFF,https://rvvcca.pica.gva.es/es/estacion/03014008-alacant-florida-babel,https://rvvcca.pica.gva.es/val/estacio/03014008-alacant-florida-babel
"POINT (720955.730148413 4248624.91919349)","581693","281","03014006",Alacant - El Pla,"-0.47117105","38.3585473","720955.73","4248624.92",Alacant,"03014",Alacant/Alicante,l'Alacantí,Alacant/Alicante,"40.054351485","-0.350219964",2026-05-12 07:35:14+02,Inmision,U,"-1",Dióxido de Azufre,"1","1",BUENA (SO2),BONA (SO2),#00FFFF,"001",SO2,1 µg/m³,"1",BUENA,BONA,#00FFFF,"008",NO2,21 µg/m³,"1",BUENA,BONA,#00FFFF,,,,,,,,,,,,,,,"014",O3,43 µg/m³,"1",BUENA,BONA,#00FFFF,https://rvvcca.pica.gva.es/es/estacion/03014006-alacant-el-pla,https://rvvcca.pica.gva.es/val/estacio/03014006-alacant-el-pla
"POINT (718289.4418729 4245940.25116542)","581672","671","03014015",Alacant AP Parc Mar,"-0.50249037","38.33502914","718289.44","4245940.25",Alacant,"03014",Alacant/Alicante,l'Alacantí,Alacant/Alicante,"40.054351485","-0.350219964",2026-05-12 07:35:14+02,Inmision,,"-1",Partículas en Suspensión (< 10 µm),"17","1",BUENA (PM10),BONA (PM10),#00FFFF,,,,,,,,,,,,,,,"009",PM2.5,6 µg/m³,"1",BUENA,BONA,#00FFFF,"010",PM10,17 µg/m³,"1",BUENA,BONA,#00FFFF,,,,,,,,https://rvvcca.pica.gva.es/es/estacion/03014015-alacant-ap-parc-mar,https://rvvcca.pica.gva.es/val/estacio/03014015-alacant-ap-parc-mar
"POINT (719199.870808273 4246179.23917464)","581654","598","03014012",Alacant_AP_ISM,"-0.49200889","38.33695869","719199.87","4246179.24",Alacant,"03014",Alacant/Alicante,l'Alacantí,Alacant/Alicante,"40.054351485","-0.350219964",2026-05-12 07:35:14+02,Inmision,S,"-1","Partículas en Suspensión (< 2,5 µm)","3","1",BUENA (PM2.5),BONA (PM2.5),#00FFFF,,,,,,,,,,,,,,,"009",PM2.5,3 µg/m³,"1",BUENA,BONA,#00FFFF,"010",PM10,7 µg/m³,"1",BUENA,BONA,#00FFFF,,,,,,,,https://rvvcca.pica.gva.es/es/estacion/03014012-alacantapism,https://rvvcca.pica.gva.es/val/estacio/03014012-alacantapism
"POINT (718802.550830304 4246156.29924095)","581650","599","03014013",Alacant_AP_T_Frutero,"-0.49655795","38.33684925","718802.55","4246156.3",Alacant,"03014",Alacant/Alicante,l'Alacantí,Alacant/Alicante,"40.054351485","-0.350219964",2026-05-12 07:35:14+02,Inmision,S,"-1","Partículas en Suspensión (< 2,5 µm)","3","1",BUENA (PM2.5),BONA (PM2.5),#00FFFF,,,,,,,,,,,,,,,"009",PM2.5,3 µg/m³,"1",BUENA,BONA,#00FFFF,"010",PM10,6 µg/m³,"1",BUENA,BONA,#00FFFF,,,,,,,,https://rvvcca.pica.gva.es/es/estacion/03014013-alacantaptfrutero,https://rvvcca.pica.gva.es/val/estacio/03014013-alacantaptfrutero
"POINT (728373.150919564 4398419.1497011)","581641","461","46010001",Albalat dels Tarongers,"-0.33618192","39.70509377","728373.15","4398419.15",Albalat dels Tarongers,"46010",Albalat dels Tarongers,el Camp de Morvedre,València/Valencia,"39.872719274","-0.408961101",2026-05-12 07:35:14+02,Inmision,S,"-1",Dióxido de Nitrógeno,"13","1",BUENA (NO2),BONA (NO2),#00FFFF,"001",SO2,3 µg/m³,"1",BUENA,BONA,#00FFFF,"008",NO2,13 µg/m³,"1",BUENA,BONA,#00FFFF,"009",PM2.5,2 µg/m³,"1",BUENA,BONA,#00FFFF,"010",PM10,5 µg/m³,"1",BUENA,BONA,#00FFFF,"014",O3,44 µg/m³,"1",BUENA,BONA,#00FFFF,https://rvvcca.pica.gva.es/es/estacion/46010001-albalat-dels-tarongers,https://rvvcca.pica.gva.es/val/estacio/46010001-albalat-dels-tarongers
"POINT (756926.689532913 4430266.51953514)","581674","025","12040010",Castelló - Grau,"0.00896314","39.98353084","756926.69","4430266.52",Castelló de la Plana,"12040",Castelló de la Plana,la Plana Alta,Castelló/Castellón,"39.080303899","-0.59166313",2026-05-12 07:35:14+02,Inmision,S,"-1","Partículas en Suspensión (< 2,5 µm)","3","1",BUENA (PM2.5),BONA (PM2.5),#00FFFF,"001",SO2,5 µg/m³,"1",BUENA,BONA,#00FFFF,"008",NO2,39 µg/m³,"1",BUENA,BONA,#00FFFF,"009",PM2.5,3 µg/m³,"1",BUENA,BONA,#00FFFF,"010",PM10,7 µg/m³,"1",BUENA,BONA,#00FFFF,"014",O3,9 µg/m³,"1",BUENA,BONA,#00FFFF,https://rvvcca.pica.gva.es/es/estacion/12040010-castello-grau,https://rvvcca.pica.gva.es/val/estacio/12040010-castello-grau
"POINT (688216.590765798 4217589.32949572)","581680","304","03099002",Orihuela,"-0.85383502","38.08651681","688216.59","4217589.33",Orihuela,"03099",Orihuela,el Baix Segura/La Vega Baja,Alacant/Alicante,"39.071097","-0.575411491",2026-05-12 07:35:14+02,Inmision,S,"-1",Ozono,"16","1",BUENA (O3),BONA (O3),#00FFFF,"001",SO2,,"0",SIN DATOS,SENSE DADES,#C5C5C5,"008",NO2,,"0",SIN DATOS,SENSE DADES,#C5C5C5,,,,,,,,,,,,,,,"014",O3,16 µg/m³,"1",BUENA,BONA,#00FFFF,https://rvvcca.pica.gva.es/es/estacion/03099002-orihuela,https://rvvcca.pica.gva.es/val/estacio/03099002-orihuela
"POINT (757592.920151132 4429340.88957885)","581677","626","12040301",Castelló AP Tramuntana,"0.01638888","39.97499992","757592.92","4429340.89",Castelló de la Plana,"12040",Castelló de la Plana,la Plana Alta,Castelló/Castellón,"39.080303899","-0.59166313",2026-05-12 07:35:14+02,Inmision,,"-1",Partículas en Suspensión (< 10 µm),"4","1",BUENA (PM10),BONA (PM10),#00FFFF,,,,,,,,,,,,,,,"009",PM2.5,3 µg/m³,"1",BUENA,BONA,#00FFFF,"010",PM10,4 µg/m³,"1",BUENA,BONA,#00FFFF,,,,,,,,https://rvvcca.pica.gva.es/es/estacion/12040301-castello-ap-tramuntana,https://rvvcca.pica.gva.es/val/estacio/12040301-castello-ap-tramuntana
"POINT (757375.480088046 4428746.93914947)","581678","627","12040302",Castelló AP Gregal,"0.01361108","39.96972214","757375.48","4428746.94",Castelló de la Plana,"12040",Castelló de la Plana,la Plana Alta,Castelló/Castellón,"39.080303899","-0.59166313",2026-05-12 07:35:14+02,Inmision,S,"-1","Partículas en Suspensión (< 2,5 µm)","4","1",BUENA (PM2.5),BONA (PM2.5),#00FFFF,,,,,,,,,,,,,,,"009",PM2.5,4 µg/m³,"1",BUENA,BONA,#00FFFF,"010",PM10,6 µg/m³,"1",BUENA,BONA,#00FFFF,,,,,,,,https://rvvcca.pica.gva.es/es/estacion/12040302-castello-ap-gregal,https://rvvcca.pica.gva.es/val/estacio/12040302-castello-ap-gregal
"POINT (685165.140817335 4278923.41931436)","581673","649","03140001",Villena Parque Feria,"-0.87249274","38.6395316","685165.14","4278923.42",Villena,"03140",Villena,l’Alt Vinalopó/El Alto Vinalopó,Alacant/Alicante,"40.132272","-0.419562472",2026-05-12 07:35:14+02,Inmision,U,"-1",Partículas en Suspensión (< 10 µm),"3","1",BUENA (PM10),BONA (PM10),#00FFFF,,,,,,,,"008",NO2,,"0",SIN DATOS,SENSE DADES,#C5C5C5,"009",PM2.5,2 µg/m³,"1",BUENA,BONA,#00FFFF,"010",PM10,3 µg/m³,"1",BUENA,BONA,#00FFFF,"014",O3,29 µg/m³,"1",BUENA,BONA,#00FFFF,https://rvvcca.pica.gva.es/es/estacion/03140001-villena-parque-feria,https://rvvcca.pica.gva.es/val/estacio/03140001-villena-parque-feria
"POINT (756058.810806128 4425841.87983816)","581699","648","12009302",Almassora Platja,"-0.00292812","39.94398345","756058.81","4425841.88",Almassora,"12009",Almassora,la Plana Alta,Castelló/Castellón,"38.69865854","-0.479465946",2026-05-12 07:35:14+02,Inmision,S,"-1","Partículas en Suspensión (< 2,5 µm)","4","1",BUENA (PM2.5),BONA (PM2.5),#00FFFF,"001",SO2,,"0",SIN DATOS,SENSE DADES,#C5C5C5,"008",NO2,,"0",SIN DATOS,SENSE DADES,#C5C5C5,"009",PM2.5,4 µg/m³,"1",BUENA,BONA,#00FFFF,"010",PM10,7 µg/m³,"1",BUENA,BONA,#00FFFF,"014",O3,21 µg/m³,"1",BUENA,BONA,#00FFFF,https://rvvcca.pica.gva.es/es/estacion/12009302-almassora-platja,https://rvvcca.pica.gva.es/val/estacio/12009302-almassora-platja
"POINT (751403.830931099 4425711.36898137)","581676","407","12009007",Almassora - C.P.Ochando,"-0.05739487","39.94420428","751403.83","4425711.37",Almassora,"12009",Almassora,la Plana Alta,Castelló/Castellón,"38.69865854","-0.479465946",2026-05-12 07:35:14+02,Inmision,U,"-1","Partículas en Suspensión (< 2,5 µm)","8","1",BUENA (PM2.5),BONA (PM2.5),#00FFFF,"001",SO2,37 µg/m³,"1",BUENA,BONA,#00FFFF,"008",NO2,29 µg/m³,"1",BUENA,BONA,#00FFFF,"009",PM2.5,8 µg/m³,"1",BUENA,BONA,#00FFFF,"010",PM10,18 µg/m³,"1",BUENA,BONA,#00FFFF,"014",O3,24 µg/m³,"1",BUENA,BONA,#00FFFF,https://rvvcca.pica.gva.es/es/estacion/12009007-almassora-cpochando,https://rvvcca.pica.gva.es/val/estacio/12009007-almassora-cpochando
"POINT (750792.861052599 4421637.75911011)","581655","298","12032001",Borriana,"-0.06610364","39.90773085","750792.86","4421637.76",Burriana,"12032",Borriana/Burriana,la Plana Baixa,Castelló/Castellón,"38.663005921","-0.39965079",2026-05-12 07:35:14+02,Inmision,R,"-1","Partículas en Suspensión (< 2,5 µm)","6","1",BUENA (PM2.5),BONA (PM2.5),#00FFFF,"001",SO2,3 µg/m³,"1",BUENA,BONA,#00FFFF,"008",NO2,9 µg/m³,"1",BUENA,BONA,#00FFFF,"009",PM2.5,6 µg/m³,"1",BUENA,BONA,#00FFFF,"010",PM10,11 µg/m³,"1",BUENA,BONA,#00FFFF,"014",O3,40 µg/m³,"1",BUENA,BONA,#00FFFF,https://rvvcca.pica.gva.es/es/estacion/12032001-borriana,https://rvvcca.pica.gva.es/val/estacio/12032001-borriana
"POINT (715936.030334994 4436858.46974718)","581639","311","12046001",Cirat,"-0.46841681","40.05433129","715936.03","4436858.47",Cirat,"12046",Cirat,El Alto Mijares,Castelló/Castellón,"38.86001444","-0.474351132",2026-05-12 07:35:14+02,Inmision,R,"-1",Dióxido de Azufre,"4","1",BUENA (SO2),BONA (SO2),#00FFFF,"001",SO2,4 µg/m³,"1",BUENA,BONA,#00FFFF,"008",NO2,5 µg/m³,"1",BUENA,BONA,#00FFFF,,,,,,,,,,,,,,,"014",O3,58 µg/m³,"2",RAZONABLEMENTE BUENA,RAONABLEMENT BONA,#00B050,https://rvvcca.pica.gva.es/es/estacion/12046001-cirat,https://rvvcca.pica.gva.es/val/estacio/12046001-cirat
"POINT (756984.899651953 4428395.36910411)","581679","628","12040303",Castelló AP Llevant,"0.00890491","39.96667768","756984.9","4428395.37",Castelló de la Plana,"12040",Castelló de la Plana,la Plana Alta,Castelló/Castellón,"39.080303899","-0.59166313",2026-05-12 07:35:14+02,Inmision,S,"-1","Partículas en Suspensión (< 2,5 µm)","5","1",BUENA (PM2.5),BONA (PM2.5),#00FFFF,"001",SO2,0 µg/m³,"1",BUENA,BONA,#00FFFF,"008",NO2,27 µg/m³,"1",BUENA,BONA,#00FFFF,"009",PM2.5,5 µg/m³,"1",BUENA,BONA,#00FFFF,"010",PM10,14 µg/m³,"1",BUENA,BONA,#00FFFF,,,,,,,,https://rvvcca.pica.gva.es/es/estacion/12040303-castello-ap-llevant,https://rvvcca.pica.gva.es/val/estacio/12040303-castello-ap-llevant
"POINT (738957.44059138 4512982.01948004)","581703","204","12141002",Zorita,"-0.17026025","40.73310441","738957.44","4512982.02",Zorita del Maestrazgo,"12141",Zorita del Maestrazgo,els Ports,Castelló/Castellón,"38.988533864","-0.522395723",2026-05-12 07:35:14+02,Inmision,REG,"-1",Partículas en Suspensión (< 10 µm),"1","1",BUENA (PM10),BONA (PM10),#00FFFF,"001",SO2,1 µg/m³,"1",BUENA,BONA,#00FFFF,"008",NO2,4 µg/m³,"1",BUENA,BONA,#00FFFF,"009",PM2.5,1 µg/m³,"1",BUENA,BONA,#00FFFF,"010",PM10,1 µg/m³,"1",BUENA,BONA,#00FFFF,"014",O3,14 µg/m³,"1",BUENA,BONA,#00FFFF,https://rvvcca.pica.gva.es/es/estacion/12141002-zorita,https://rvvcca.pica.gva.es/val/estacio/12141002-zorita
"POINT (761703.669852801 4462055.6093094)","581657","310","12120001",la Torre d en Doménec,"0.07771592","40.26806058","761703.67","4462055.61",Torre Endoménech,"12120",la Torre d'en Doménec,la Plana Alta,Castelló/Castellón,"38.394220003","-0.522840897",2026-05-12 06:35:14+02,Inmision,R,"-1",Ozono,"7","1",BUENA (O3),BONA (O3),#00FFFF,"001",SO2,,"0",SIN DATOS,SENSE DADES,#C5C5C5,"008",NO2,,"0",SIN DATOS,SENSE DADES,#C5C5C5,,,,,,,,,,,,,,,"014",O3,7 µg/m³,"1",BUENA,BONA,#00FFFF,https://rvvcca.pica.gva.es/es/estacion/12120001-la-torre-d-en-domenec,https://rvvcca.pica.gva.es/val/estacio/12120001-la-torre-d-en-domenec
"POINT (753881.62104118 4430738.99938647)","581683","400","12040015",Castelló - Patronat d´Esports,"-0.02646873","39.98870199","753881.62","4430739",Castelló de la Plana,"12040",Castelló de la Plana,la Plana Alta,Castelló/Castellón,"39.080303899","-0.59166313",2026-05-12 07:35:14+02,Inmision,U,"-1",Dióxido de Azufre,"4","1",BUENA (SO2),BONA (SO2),#00FFFF,"001",SO2,4 µg/m³,"1",BUENA,BONA,#00FFFF,"008",NO2,25 µg/m³,"1",BUENA,BONA,#00FFFF,,,,,,,,,,,,,,,"014",O3,32 µg/m³,"1",BUENA,BONA,#00FFFF,https://rvvcca.pica.gva.es/es/estacion/12040015-castello-patronat-desports,https://rvvcca.pica.gva.es/val/estacio/12040015-castello-patronat-desports
"POINT (728627.900869173 4370918.95967121)","581665","463","46250047",València - Av. França,"-0.3426899","39.45750439","728627.9","4370918.96",Valencia,"46250",València,València,València/Valencia,"39.536094924","-1.439850328",2026-05-12 07:35:14+02,Inmision,U,"-1",Partículas en Suspensión (< 10 µm),"18","1",BUENA (PM10),BONA (PM10),#00FFFF,"001",SO2,2 µg/m³,"1",BUENA,BONA,#00FFFF,"008",NO2,40 µg/m³,"1",BUENA,BONA,#00FFFF,"009",PM2.5,6 µg/m³,"1",BUENA,BONA,#00FFFF,"010",PM10,18 µg/m³,"1",BUENA,BONA,#00FFFF,"014",O3,33 µg/m³,"1",BUENA,BONA,#00FFFF,https://rvvcca.pica.gva.es/es/estacion/46250047-valencia-av-franca,https://rvvcca.pica.gva.es/val/estacio/46250047-valencia-av-franca
"POINT (761988.779621968 4439059.28950846)","581651","297","12028001",Benicàssim,"0.07171645","40.06108425","761988.78","4439059.29",Benicàssim,"12028",Benicàssim/Benicasim,la Plana Alta,Castelló/Castellón,"39.780873777","-0.368257391",2026-05-12 07:35:14+02,Inmision,S,"-1","Partículas en Suspensión (< 2,5 µm)","4","1",BUENA (PM2.5),BONA (PM2.5),#00FFFF,"001",SO2,7 µg/m³,"1",BUENA,BONA,#00FFFF,"008",NO2,22 µg/m³,"1",BUENA,BONA,#00FFFF,"009",PM2.5,4 µg/m³,"1",BUENA,BONA,#00FFFF,"010",PM10,7 µg/m³,"1",BUENA,BONA,#00FFFF,"014",O3,37 µg/m³,"1",BUENA,BONA,#00FFFF,https://rvvcca.pica.gva.es/es/estacion/12028001-benicassim,https://rvvcca.pica.gva.es/val/estacio/12028001-benicassim
"POINT (647526.760238334 4380333.50938812)","581660","314","46095001",Caudete de las Fuentes,"-1.28272506","39.56001659","647526.76","4380333.51",Caudete de las Fuentes,"46095",Caudete de las Fuentes,La Plana de Utiel-Requena,València/Valencia,"38.628186014","-0.673652887",2026-05-12 07:35:14+02,Inmision,R,"-1","Partículas en Suspensión (< 2,5 µm)","4","1",BUENA (PM2.5),BONA (PM2.5),#00FFFF,"001",SO2,3 µg/m³,"1",BUENA,BONA,#00FFFF,"008",NO2,4 µg/m³,"1",BUENA,BONA,#00FFFF,"009",PM2.5,4 µg/m³,"1",BUENA,BONA,#00FFFF,"010",PM10,8 µg/m³,"1",BUENA,BONA,#00FFFF,"014",O3,33 µg/m³,"1",BUENA,BONA,#00FFFF,https://rvvcca.pica.gva.es/es/estacion/46095001-caudete-de-las-fuentes,https://rvvcca.pica.gva.es/val/estacio/46095001-caudete-de-las-fuentes
"POINT (719615.820384255 4373308.30901457)","581689","011","46102002",Quart de Poblet,"-0.44655002","39.48135806","719615.82","4373308.31",Quart de Poblet,"46102",Quart de Poblet,l'Horta Sud,València/Valencia,"38.484809367","-0.777925798",2026-05-12 07:35:14+02,Inmision,U,"-1",Dióxido de Azufre,"3","1",BUENA (SO2),BONA (SO2),#00FFFF,"001",SO2,3 µg/m³,"1",BUENA,BONA,#00FFFF,"008",NO2,38 µg/m³,"1",BUENA,BONA,#00FFFF,"009",PM2.5,7 µg/m³,"1",BUENA,BONA,#00FFFF,"010",PM10,16 µg/m³,"1",BUENA,BONA,#00FFFF,"014",O3,40 µg/m³,"1",BUENA,BONA,#00FFFF,https://rvvcca.pica.gva.es/es/estacion/46102002-quart-de-poblet,https://rvvcca.pica.gva.es/val/estacio/46102002-quart-de-poblet
"POINT (691459.550065395 4257514.84918833)","581706","452","03066003",Elda - Lacy,"-0.8060875","38.4454011","691459.55","4257514.85",Elda,"03066",Elda,el Vinalopó Mitjà/El Vinalopó Medio,Alacant/Alicante,"39.837413187","-0.467566132",2026-05-12 07:35:14+02,Inmision,S,"-1",Dióxido de Azufre,"4","1",BUENA (SO2),BONA (SO2),#00FFFF,"001",SO2,4 µg/m³,"1",BUENA,BONA,#00FFFF,"008",NO2,14 µg/m³,"1",BUENA,BONA,#00FFFF,"009",PM2.5,3 µg/m³,"1",BUENA,BONA,#00FFFF,"010",PM10,4 µg/m³,"1",BUENA,BONA,#00FFFF,"014",O3,37 µg/m³,"1",BUENA,BONA,#00FFFF,https://rvvcca.pica.gva.es/es/estacion/03066003-elda-lacy,https://rvvcca.pica.gva.es/val/estacio/03066003-elda-lacy
"POINT (722884.490888433 4373377.31950889)","581661","483","46250048",València - Molí del Sol,"-0.40855865","39.48113875","722884.49","4373377.32",Valencia,"46250",València,València,València/Valencia,"39.536094924","-1.439850328",2026-05-12 07:35:14+02,Inmision,S,"-1",Dióxido de Azufre,"7","1",BUENA (SO2),BONA (SO2),#00FFFF,"001",SO2,7 µg/m³,"1",BUENA,BONA,#00FFFF,"008",NO2,21 µg/m³,"1",BUENA,BONA,#00FFFF,"009",PM2.5,5 µg/m³,"1",BUENA,BONA,#00FFFF,"010",PM10,12 µg/m³,"1",BUENA,BONA,#00FFFF,"014",O3,43 µg/m³,"1",BUENA,BONA,#00FFFF,https://rvvcca.pica.gva.es/es/estacion/46250048-valencia-moli-del-sol,https://rvvcca.pica.gva.es/val/estacio/46250048-valencia-moli-del-sol
"POINT (734575.960428397 4390599.60946479)","581663","439","46220010",Sagunt - CEA,"-0.26668351","39.63303581","734575.96","4390599.61",Sagunt,"46220",Sagunt/Sagunto,el Camp de Morvedre,València/Valencia,"39.683797869","-0.429925792",2026-05-12 07:35:14+02,Inmision,S,"-1","Partículas en Suspensión (< 2,5 µm)","3","1",BUENA (PM2.5),BONA (PM2.5),#00FFFF,"001",SO2,4 µg/m³,"1",BUENA,BONA,#00FFFF,"008",NO2,23 µg/m³,"1",BUENA,BONA,#00FFFF,"009",PM2.5,3 µg/m³,"1",BUENA,BONA,#00FFFF,"010",PM10,9 µg/m³,"1",BUENA,BONA,#00FFFF,"014",O3,39 µg/m³,"1",BUENA,BONA,#00FFFF,https://rvvcca.pica.gva.es/es/estacion/46220010-sagunt-cea,https://rvvcca.pica.gva.es/val/estacio/46220010-sagunt-cea
"POINT (721747.760542054 4312951.97968942)","581704","307","46062001",Benigànim,"-0.44158883","38.93748602","721747.76","4312951.98",Benigánim,"46062",Benigànim,la Vall d'Albaida,València/Valencia,"40.063383009","-0.609243668",2026-05-12 07:35:14+02,Inmision,S,"-1","Partículas en Suspensión (< 2,5 µm)","4","1",BUENA (PM2.5),BONA (PM2.5),#00FFFF,"001",SO2,1 µg/m³,"1",BUENA,BONA,#00FFFF,"008",NO2,13 µg/m³,"1",BUENA,BONA,#00FFFF,"009",PM2.5,4 µg/m³,"1",BUENA,BONA,#00FFFF,"010",PM10,6 µg/m³,"1",BUENA,BONA,#00FFFF,"014",O3,21 µg/m³,"1",BUENA,BONA,#00FFFF,https://rvvcca.pica.gva.es/es/estacion/46062001-beniganim,https://rvvcca.pica.gva.es/val/estacio/46062001-beniganim
"POINT (719677.680684836 4336496.53963796)","581675","239","46017002",Alzira,"-0.45786026","39.14996506","719677.68","4336496.54",Alzira,"46017",Alzira,la Ribera Alta,València/Valencia,"39.99912583","-0.373997896",2026-05-12 07:35:14+02,Inmision,S,"-1",Dióxido de Nitrógeno,"2","1",BUENA (NO2),BONA (NO2),#00FFFF,"001",SO2,2 µg/m³,"1",BUENA,BONA,#00FFFF,"008",NO2,2 µg/m³,"1",BUENA,BONA,#00FFFF,,,,,,,,,,,,,,,"014",O3,47 µg/m³,"1",BUENA,BONA,#00FFFF,https://rvvcca.pica.gva.es/es/estacion/46017002-alzira,https://rvvcca.pica.gva.es/val/estacio/46017002-alzira
"POINT (649018.750653639 4439644.23910769)","581690","404","46242001",Torrebaja,"-1.25187568","40.09390533","649018.75","4439644.24",Torrebaja,"46242",Torrebaja,El Rincón de Ademuz,València/Valencia,"38.89680791","-0.692215665",2026-05-12 07:35:14+02,Inmision,R,"-1",Dióxido de Nitrógeno,"3","1",BUENA (NO2),BONA (NO2),#00FFFF,"001",SO2,0 µg/m³,"1",BUENA,BONA,#00FFFF,"008",NO2,3 µg/m³,"1",BUENA,BONA,#00FFFF,,,,,,,,,,,,,,,"014",O3,20 µg/m³,"1",BUENA,BONA,#00FFFF,https://rvvcca.pica.gva.es/es/estacion/46242001-torrebaja,https://rvvcca.pica.gva.es/val/estacio/46242001-torrebaja
"POINT (756831.000210564 4427987.59913918)","581636","630","12040304",Castelló AP Ponent,"0.00694444","39.96305554","756831","4427987.6",Castelló de la Plana,"12040",Castelló de la Plana,la Plana Alta,Castelló/Castellón,"39.080303899","-0.59166313",2026-05-12 07:35:14+02,Inmision,S,"-1","Partículas en Suspensión (< 2,5 µm)","5","1",BUENA (PM2.5),BONA (PM2.5),#00FFFF,,,,,,,,,,,,,,,"009",PM2.5,5 µg/m³,"1",BUENA,BONA,#00FFFF,"010",PM10,20 µg/m³,"1",BUENA,BONA,#00FFFF,,,,,,,,https://rvvcca.pica.gva.es/es/estacion/12040304-castello-ap-ponent,https://rvvcca.pica.gva.es/val/estacio/12040304-castello-ap-ponent
"POINT (729009.880926606 4373387.49924899)","581645","441","46250046",València - Politècnic,"-0.3374074","39.47962193","729009.88","4373387.5",Valencia,"46250",València,València,València/Valencia,"39.536094924","-1.439850328",2026-05-12 07:35:14+02,Inmision,S,"-1",Dióxido de Azufre,"3","1",BUENA (SO2),BONA (SO2),#00FFFF,"001",SO2,3 µg/m³,"1",BUENA,BONA,#00FFFF,"008",NO2,24 µg/m³,"1",BUENA,BONA,#00FFFF,"009",PM2.5,4 µg/m³,"1",BUENA,BONA,#00FFFF,"010",PM10,8 µg/m³,"1",BUENA,BONA,#00FFFF,"014",O3,44 µg/m³,"1",BUENA,BONA,#00FFFF,https://rvvcca.pica.gva.es/es/estacion/46250046-valencia-politecnic,https://rvvcca.pica.gva.es/val/estacio/46250046-valencia-politecnic
"POINT (733377.950680304 4396310.15892499)","581644","389","46220009",Sagunt - Nord,"-0.27861163","39.68475916","733377.95","4396310.16",Sagunt,"46220",Sagunt/Sagunto,el Camp de Morvedre,València/Valencia,"39.683797869","-0.429925792",2026-05-12 07:35:14+02,Inmision,U,"-1",Ozono,"54","2",RAZONABLEMENTE BUENA (O3),RAONABLEMENT BONA (O3),#00B050,,,,,,,,"008",NO2,12 µg/m³,"1",BUENA,BONA,#00FFFF,,,,,,,,,,,,,,,"014",O3,54 µg/m³,"2",RAZONABLEMENTE BUENA,RAONABLEMENT BONA,#00B050,https://rvvcca.pica.gva.es/es/estacion/46220009-sagunt-nord,https://rvvcca.pica.gva.es/val/estacio/46220009-sagunt-nord
"POINT (729833.628200846 4370178.52808326)","581648","640","46250302",València Port llit antic Túria,"-0.32894501","39.45051894","729833.63","4370178.53",Valencia,"46250",València,València,València/Valencia,"39.536094924","-1.439850328",2026-05-12 07:35:14+02,Inmision,S,"-1",Dióxido de Nitrógeno,"49","2",RAZONABLEMENTE BUENA (NO2),RAONABLEMENT BONA (NO2),#00B050,"001",SO2,1 µg/m³,"1",BUENA,BONA,#00FFFF,"008",NO2,49 µg/m³,"2",RAZONABLEMENTE BUENA,RAONABLEMENT BONA,#00B050,"009",PM2.5,6 µg/m³,"1",BUENA,BONA,#00FFFF,"010",PM10,21 µg/m³,"2",RAZONABLEMENTE BUENA,RAONABLEMENT BONA,#00B050,"014",O3,34 µg/m³,"1",BUENA,BONA,#00FFFF,https://rvvcca.pica.gva.es/es/estacion/46250302-valencia-port-llit-antic-turia,https://rvvcca.pica.gva.es/val/estacio/46250302-valencia-port-llit-antic-turia
"POINT (716704.930613592 4367010.02987793)","581691","545","46244003",Torrent-El Vedat,"-0.48240795","39.42539948","716704.93","4367010.03",Torrent,"46244",Torrent,l'Horta Sud,València/Valencia,"38.984865625","-0.556493444",2026-05-12 07:35:14+02,Inmision,S,"-1",Ozono,"56","2",RAZONABLEMENTE BUENA (O3),RAONABLEMENT BONA (O3),#00B050,"001",SO2,,"0",SIN DATOS,SENSE DADES,#C5C5C5,"008",NO2,,"0",SIN DATOS,SENSE DADES,#C5C5C5,"009",PM2.5,,"0",SIN DATOS,SENSE DADES,#C5C5C5,"010",PM10,,"0",SIN DATOS,SENSE DADES,#C5C5C5,"014",O3,56 µg/m³,"2",RAZONABLEMENTE BUENA,RAONABLEMENT BONA,#00B050,https://rvvcca.pica.gva.es/es/estacion/46244003-torrent-el-vedat,https://rvvcca.pica.gva.es/val/estacio/46244003-torrent-el-vedat
"POINT (723139.390422306 4372062.61939201)","581666","653","46250055",València Olivereta,"-0.40603766","39.46923859","723139.39","4372062.62",Valencia,"46250",València,València,València/Valencia,"39.536094924","-1.439850328",2026-05-12 07:35:14+02,Inmision,U,"-1",Dióxido de Nitrógeno,"69","2",RAZONABLEMENTE BUENA (NO2),RAONABLEMENT BONA (NO2),#00B050,,,,,,,,"008",NO2,69 µg/m³,"2",RAZONABLEMENTE BUENA,RAONABLEMENT BONA,#00B050,"009",PM2.5,7 µg/m³,"1",BUENA,BONA,#00FFFF,"010",PM10,18 µg/m³,"1",BUENA,BONA,#00FFFF,,,,,,,,https://rvvcca.pica.gva.es/es/estacion/46250055-valencia-olivereta,https://rvvcca.pica.gva.es/val/estacio/46250055-valencia-olivereta
"POINT (730297.691601345 4371163.98133091)","581667","636","46250301",Val Port Moll  Ponent,"-0.32321741","39.45926486","730297.69","4371163.98",Valencia,"46250",València,València,València/Valencia,"39.536094924","-1.439850328",2026-05-12 07:35:14+02,Inmision,U,"-1",Dióxido de Nitrógeno,"70","2",RAZONABLEMENTE BUENA (NO2),RAONABLEMENT BONA (NO2),#00B050,"001",SO2,3 µg/m³,"1",BUENA,BONA,#00FFFF,"008",NO2,70 µg/m³,"2",RAZONABLEMENTE BUENA,RAONABLEMENT BONA,#00B050,"009",PM2.5,4 µg/m³,"1",BUENA,BONA,#00FFFF,"010",PM10,16 µg/m³,"1",BUENA,BONA,#00FFFF,"014",O3,29 µg/m³,"1",BUENA,BONA,#00FFFF,https://rvvcca.pica.gva.es/es/estacion/46250301-val-port-moll-ponent,https://rvvcca.pica.gva.es/val/estacio/46250301-val-port-moll-ponent
"POINT (725703.590983027 4370894.9993796)","581685","028","46250030",València - Pista de Silla,"-0.37665323","39.45806013","725703.59","4370895",Valencia,"46250",València,València,València/Valencia,"39.536094924","-1.439850328",2026-05-12 07:35:14+02,Inmision,U,"-1",Dióxido de Nitrógeno,"43","2",RAZONABLEMENTE BUENA (NO2),RAONABLEMENT BONA (NO2),#00B050,"001",SO2,1 µg/m³,"1",BUENA,BONA,#00FFFF,"008",NO2,43 µg/m³,"2",RAZONABLEMENTE BUENA,RAONABLEMENT BONA,#00B050,"009",PM2.5,5 µg/m³,"1",BUENA,BONA,#00FFFF,"010",PM10,13 µg/m³,"1",BUENA,BONA,#00FFFF,"014",O3,39 µg/m³,"1",BUENA,BONA,#00FFFF,https://rvvcca.pica.gva.es/es/estacion/46250030-valencia-pista-de-silla,https://rvvcca.pica.gva.es/val/estacio/46250030-valencia-pista-de-silla
"POINT (726245.320428794 4373291.39955563)","581686","259","46250043",València - Vivers,"-0.36955032","39.47948825","726245.32","4373291.4",Valencia,"46250",València,València,València/Valencia,"39.536094924","-1.439850328",2026-05-12 07:35:14+02,Inmision,U,"-1",Dióxido de Nitrógeno,"41","2",RAZONABLEMENTE BUENA (NO2),RAONABLEMENT BONA (NO2),#00B050,"001",SO2,1 µg/m³,"1",BUENA,BONA,#00FFFF,"008",NO2,41 µg/m³,"2",RAZONABLEMENTE BUENA,RAONABLEMENT BONA,#00B050,,,,,,,,,,,,,,,"014",O3,54 µg/m³,"2",RAZONABLEMENTE BUENA,RAONABLEMENT BONA,#00B050,https://rvvcca.pica.gva.es/es/estacion/46250043-valencia-vivers,https://rvvcca.pica.gva.es/val/estacio/46250043-valencia-vivers
"POINT (701241.00040559 4296602.13955036)","581658","309","46184002",Ontinyent,"-0.6827819","38.79521458","701241","4296602.14",Ontinyent,"46184",Ontinyent,la Vall d'Albaida,València/Valencia,"39.68507412","-0.311313547",2026-05-12 07:35:14+02,Inmision,S,"-1",Ozono,"59","2",RAZONABLEMENTE BUENA (O3),RAONABLEMENT BONA (O3),#00B050,"001",SO2,,"0",SIN DATOS,SENSE DADES,#C5C5C5,"008",NO2,,"0",SIN DATOS,SENSE DADES,#C5C5C5,"009",PM2.5,,"0",SIN DATOS,SENSE DADES,#C5C5C5,"010",PM10,,"0",SIN DATOS,SENSE DADES,#C5C5C5,"014",O3,59 µg/m³,"2",RAZONABLEMENTE BUENA,RAONABLEMENT BONA,#00B050,https://rvvcca.pica.gva.es/es/estacion/46184002-ontinyent,https://rvvcca.pica.gva.es/val/estacio/46184002-ontinyent
"POINT (699739.430740455 4237020.97941039)","581698","428","03065007",Elx - Parc de Bombers,"-0.71708243","38.25903586","699739.43","4237020.98",Elx,"03065",Elx/Elche,el Baix Vinalopó,Alacant/Alicante,"39.614038775","-0.576309467",2026-05-12 07:35:14+02,Inmision,U,"-1",Ozono,"55","2",RAZONABLEMENTE BUENA (O3),RAONABLEMENT BONA (O3),#00B050,"001",SO2,1 µg/m³,"1",BUENA,BONA,#00FFFF,"008",NO2,3 µg/m³,"1",BUENA,BONA,#00FFFF,,,,,,,,,,,,,,,"014",O3,55 µg/m³,"2",RAZONABLEMENTE BUENA,RAONABLEMENT BONA,#00B050,https://rvvcca.pica.gva.es/es/estacion/03065007-elx-parc-de-bombers,https://rvvcca.pica.gva.es/val/estacio/03065007-elx-parc-de-bombers
"POINT (743357.860571417 4316976.14970983)","581662","005","46131002",Gandia,"-0.19109882","38.96797739","743357.86","4316976.15",Gandia,"46131",Gandia,la Safor,València/Valencia,"40.05940869","-0.647206356",2026-05-12 07:35:14+02,Inmision,U,"-1",Ozono,"59","2",RAZONABLEMENTE BUENA (O3),RAONABLEMENT BONA (O3),#00B050,"001",SO2,1 µg/m³,"1",BUENA,BONA,#00FFFF,"008",NO2,25 µg/m³,"1",BUENA,BONA,#00FFFF,,,,,,,,,,,,,,,"014",O3,59 µg/m³,"2",RAZONABLEMENTE BUENA,RAONABLEMENT BONA,#00B050,https://rvvcca.pica.gva.es/es/estacion/46131002-gandia,https://rvvcca.pica.gva.es/val/estacio/46131002-gandia
"POINT (678192.070457629 4347762.31972299)","581688","501","46099001",Cortes de Pallás,"-0.93464224","39.26089758","678192.07","4347762.32",Cortes de Pallás,"46099",Cortes de Pallás,El Valle de Cofrentes-Ayora,València/Valencia,"39.741546969","-0.273262582",2026-05-12 07:35:14+02,Inmision,R,"-1",Ozono,"71","2",RAZONABLEMENTE BUENA (O3),RAONABLEMENT BONA (O3),#00B050,,,,,,,,,,,,,,,,,,,,,,,,,,,,,"014",O3,71 µg/m³,"2",RAZONABLEMENTE BUENA,RAONABLEMENT BONA,#00B050,https://rvvcca.pica.gva.es/es/estacion/46099001-cortes-de-pallas,https://rvvcca.pica.gva.es/val/estacio/46099001-cortes-de-pallas
"POINT (721984.820538484 4376514.49936827)","581649","283","46078004",Burjassot - Facultats,"-0.41796381","39.50961041","721984.82","4376514.5",Burjassot,"46078",Burjassot,l'Horta Nord,València/Valencia,"39.64737893","-1.399421822",2026-05-12 07:35:14+02,Inmision,U,"-1",Ozono,"51","2",RAZONABLEMENTE BUENA (O3),RAONABLEMENT BONA (O3),#00B050,"001",SO2,1 µg/m³,"1",BUENA,BONA,#00FFFF,"008",NO2,10 µg/m³,"1",BUENA,BONA,#00FFFF,,,,,,,,,,,,,,,"014",O3,51 µg/m³,"2",RAZONABLEMENTE BUENA,RAONABLEMENT BONA,#00B050,https://rvvcca.pica.gva.es/es/estacion/46078004-burjassot-facultats,https://rvvcca.pica.gva.es/val/estacio/46078004-burjassot-facultats
"POINT (704821.450134491 4422339.96913171)","581702","316","12140002",Viver,"-0.60318573","39.9264105","704821.45","4422339.97",Viver,"12140",Viver,El Alto Palancia,Castelló/Castellón,"39.032877404","-0.217273496",2026-05-12 07:35:14+02,Inmision,S,"-1",Ozono,"55","2",RAZONABLEMENTE BUENA (O3),RAONABLEMENT BONA (O3),#00B050,"001",SO2,3 µg/m³,"1",BUENA,BONA,#00FFFF,"008",NO2,9 µg/m³,"1",BUENA,BONA,#00FFFF,"009",PM2.5,2 µg/m³,"1",BUENA,BONA,#00FFFF,"010",PM10,7 µg/m³,"1",BUENA,BONA,#00FFFF,"014",O3,55 µg/m³,"2",RAZONABLEMENTE BUENA,RAONABLEMENT BONA,#00B050,https://rvvcca.pica.gva.es/es/estacion/12140002-viver,https://rvvcca.pica.gva.es/val/estacio/12140002-viver
"POINT (735833.140442682 4411805.50968641)","581640","495","12126003",la Vall d Uixó,"-0.2444575","39.82353945","735833.14","4411805.51",La Vall d'Uixó,"12126",la Vall d'Uixó,la Plana Baixa,Castelló/Castellón,"40.115867712","-0.051489386",2026-05-12 07:35:14+02,Inmision,S,"-1",Ozono,"51","2",RAZONABLEMENTE BUENA (O3),RAONABLEMENT BONA (O3),#00B050,"001",SO2,,"0",SIN DATOS,SENSE DADES,#C5C5C5,"008",NO2,,"0",SIN DATOS,SENSE DADES,#C5C5C5,,,,,,,,,,,,,,,"014",O3,51 µg/m³,"2",RAZONABLEMENTE BUENA,RAONABLEMENT BONA,#00B050,https://rvvcca.pica.gva.es/es/estacion/12126003-la-vall-d-uixo,https://rvvcca.pica.gva.es/val/estacio/12126003-la-vall-d-uixo
"POINT (785575.290655413 4494803.25892245)","581656","027","12099001",Sant Jordi,"0.37270245","40.55477709","785575.29","4494803.26",San Jorge,"12099",Sant Jordi/San Jorge,el Baix Maestrat,Castelló/Castellón,"40.605831823","0.348607685",2026-05-12 07:35:14+02,Inmision,R,"-1",Ozono,"57","2",RAZONABLEMENTE BUENA (O3),RAONABLEMENT BONA (O3),#00B050,"001",SO2,0 µg/m³,"1",BUENA,BONA,#00FFFF,"008",NO2,2 µg/m³,"1",BUENA,BONA,#00FFFF,,,,,,,,,,,,,,,"014",O3,57 µg/m³,"2",RAZONABLEMENTE BUENA,RAONABLEMENT BONA,#00B050,https://rvvcca.pica.gva.es/es/estacion/12099001-sant-jordi,https://rvvcca.pica.gva.es/val/estacio/12099001-sant-jordi
"POINT (734759.81025303 4427114.96984408)","581687","026","12084003",Onda,"-0.25148328","39.96161557","734759.81","4427114.97",Onda,"12084",Onda,la Plana Baixa,Castelló/Castellón,"40.085986756","0.138705481",2026-05-12 07:35:14+02,Inmision,S,"-1",Ozono,"71","2",RAZONABLEMENTE BUENA (O3),RAONABLEMENT BONA (O3),#00B050,"001",SO2,1 µg/m³,"1",BUENA,BONA,#00FFFF,"008",NO2,5 µg/m³,"1",BUENA,BONA,#00FFFF,,,,,,,,,,,,,,,"014",O3,71 µg/m³,"2",RAZONABLEMENTE BUENA,RAONABLEMENT BONA,#00B050,https://rvvcca.pica.gva.es/es/estacion/12084003-onda,https://rvvcca.pica.gva.es/val/estacio/12084003-onda
"POINT (753060.37067135 4427257.96881565)","581652","024","12040009",Castelló - Ermita,"-0.03742911","39.95762675","753060.37","4427257.97",Castelló de la Plana,"12040",Castelló de la Plana,la Plana Alta,Castelló/Castellón,"39.080303899","-0.59166313",2026-05-12 07:35:14+02,Inmision,S,"-1",Dióxido de Nitrógeno,"42","2",RAZONABLEMENTE BUENA (NO2),RAONABLEMENT BONA (NO2),#00B050,"001",SO2,20 µg/m³,"1",BUENA,BONA,#00FFFF,"008",NO2,42 µg/m³,"2",RAZONABLEMENTE BUENA,RAONABLEMENT BONA,#00B050,,,,,,,,,,,,,,,"014",O3,25 µg/m³,"1",BUENA,BONA,#00FFFF,https://rvvcca.pica.gva.es/es/estacion/12040009-castello-ermita,https://rvvcca.pica.gva.es/val/estacio/12040009-castello-ermita
"POINT (751089.390975458 4433333.52913465)","581682","016","12040008",Castelló - Penyeta,"-0.05812862","40.01288139","751089.39","4433333.53",Castelló de la Plana,"12040",Castelló de la Plana,la Plana Alta,Castelló/Castellón,"39.080303899","-0.59166313",2026-05-12 07:35:14+02,Inmision,S,"-1",Ozono,"61","2",RAZONABLEMENTE BUENA (O3),RAONABLEMENT BONA (O3),#00B050,,,,,,,,"008",NO2,37 µg/m³,"1",BUENA,BONA,#00FFFF,"009",PM2.5,1 µg/m³,"1",BUENA,BONA,#00FFFF,"010",PM10,3 µg/m³,"1",BUENA,BONA,#00FFFF,"014",O3,61 µg/m³,"2",RAZONABLEMENTE BUENA,RAONABLEMENT BONA,#00B050,https://rvvcca.pica.gva.es/es/estacion/12040008-castello-penyeta,https://rvvcca.pica.gva.es/val/estacio/12040008-castello-penyeta
"POINT (756977.75021918 4428702.81983387)","581684","643","12040020",Castelló CEIP La Marina,"0.0089427","39.96944611","756977.75","4428702.82",Castelló de la Plana,"12040",Castelló de la Plana,la Plana Alta,Castelló/Castellón,"39.080303899","-0.59166313",2026-05-12 07:35:14+02,Inmision,S,"-1",Partículas en Suspensión (< 10 µm),"23","2",RAZONABLEMENTE BUENA (PM10),RAONABLEMENT BONA (PM10),#00B050,"001",SO2,,"0",SIN DATOS,SENSE DADES,#C5C5C5,"008",NO2,,"0",SIN DATOS,SENSE DADES,#C5C5C5,"009",PM2.5,7 µg/m³,"1",BUENA,BONA,#00FFFF,"010",PM10,23 µg/m³,"2",RAZONABLEMENTE BUENA,RAONABLEMENT BONA,#00B050,"014",O3,16 µg/m³,"1",BUENA,BONA,#00FFFF,https://rvvcca.pica.gva.es/es/estacion/12040020-castello-ceip-la-marina,https://rvvcca.pica.gva.es/val/estacio/12040020-castello-ceip-la-marina
"POINT (725677.170149608 4372300.56925925)","581647","618","46250054",València - Centre,"-0.37648469","39.47071883","725677.17","4372300.57",Valencia,"46250",València,València,València/Valencia,"39.536094924","-1.439850328",2026-05-12 07:35:14+02,Inmision,U,"-1",Dióxido de Nitrógeno,"41","2",RAZONABLEMENTE BUENA (NO2),RAONABLEMENT BONA (NO2),#00B050,,,,,,,,"008",NO2,41 µg/m³,"2",RAZONABLEMENTE BUENA,RAONABLEMENT BONA,#00B050,"009",PM2.5,5 µg/m³,"1",BUENA,BONA,#00FFFF,"010",PM10,14 µg/m³,"1",BUENA,BONA,#00FFFF,,,,,,,,https://rvvcca.pica.gva.es/es/estacion/46250054-valencia-centre,https://rvvcca.pica.gva.es/val/estacio/46250054-valencia-centre
"POINT (702772.340820324 4235282.99895881)","581697","282","03065006",Elx - Agroalimentari,"-0.68294108","38.2427058","702772.34","4235283",Elx,"03065",Elx/Elche,el Baix Vinalopó,Alacant/Alicante,"39.614038775","-0.576309467",2026-05-12 07:35:14+02,Inmision,S,"-1",Ozono,"58","2",RAZONABLEMENTE BUENA (O3),RAONABLEMENT BONA (O3),#00B050,"001",SO2,3 µg/m³,"1",BUENA,BONA,#00FFFF,"008",NO2,26 µg/m³,"1",BUENA,BONA,#00FFFF,,,,,,,,,,,,,,,"014",O3,58 µg/m³,"2",RAZONABLEMENTE BUENA,RAONABLEMENT BONA,#00B050,https://rvvcca.pica.gva.es/es/estacion/03065006-elx-agroalimentari,https://rvvcca.pica.gva.es/val/estacio/03065006-elx-agroalimentari
"POINT (724036.460934334 4369993.24879197)","581646","499","46250050",València - Bulevard Sud,"-0.39631399","39.45037852","724036.46","4369993.25",Valencia,"46250",València,València,València/Valencia,"39.536094924","-1.439850328",2026-05-12 07:35:14+02,Inmision,U,"-1",Dióxido de Nitrógeno,"51","2",RAZONABLEMENTE BUENA (NO2),RAONABLEMENT BONA (NO2),#00B050,"001",SO2,3 µg/m³,"1",BUENA,BONA,#00FFFF,"008",NO2,51 µg/m³,"2",RAZONABLEMENTE BUENA,RAONABLEMENT BONA,#00B050,,,,,,,,,,,,,,,"014",O3,42 µg/m³,"1",BUENA,BONA,#00FFFF,https://rvvcca.pica.gva.es/es/estacion/46250050-valencia-bulevard-sud,https://rvvcca.pica.gva.es/val/estacio/46250050-valencia-bulevard-sud
"POINT (703978.920785716 4382086.48927894)","581692","508","46256001",Vilamarxant,"-0.62551551","39.56423573","703978.92","4382086.49",Vilamarxant,"46256",Vilamarxant,el Camp de Túria,València/Valencia,"38.849416945","0.018062255",2026-05-12 07:35:14+02,Inmision,S,"-1",Ozono,"69","2",RAZONABLEMENTE BUENA (O3),RAONABLEMENT BONA (O3),#00B050,"001",SO2,,"0",SIN DATOS,SENSE DADES,#C5C5C5,"008",NO2,,"0",SIN DATOS,SENSE DADES,#C5C5C5,"009",PM2.5,,"0",SIN DATOS,SENSE DADES,#C5C5C5,"010",PM10,,"0",SIN DATOS,SENSE DADES,#C5C5C5,"014",O3,69 µg/m³,"2",RAZONABLEMENTE BUENA,RAONABLEMENT BONA,#00B050,https://rvvcca.pica.gva.es/es/estacion/46256001-vilamarxant,https://rvvcca.pica.gva.es/val/estacio/46256001-vilamarxant
"POINT (685850.240843678 4397596.99938495)","581668","315","46258001",Villar del Arzobispo,"-0.83204256","39.70801051","685850.24","4397597",Villar del Arzobispo,"46258",Villar del Arzobispo,La Serranía,València/Valencia,"40.060412406","-0.13689512",2026-05-12 07:35:14+02,Inmision,R,"-1",Ozono,"61","2",RAZONABLEMENTE BUENA (O3),RAONABLEMENT BONA (O3),#00B050,"001",SO2,2 µg/m³,"1",BUENA,BONA,#00FFFF,"008",NO2,5 µg/m³,"1",BUENA,BONA,#00FFFF,"009",PM2.5,4 µg/m³,"1",BUENA,BONA,#00FFFF,"010",PM10,9 µg/m³,"1",BUENA,BONA,#00FFFF,"014",O3,61 µg/m³,"2",RAZONABLEMENTE BUENA,RAONABLEMENT BONA,#00B050,https://rvvcca.pica.gva.es/es/estacion/46258001-villar-del-arzobispo,https://rvvcca.pica.gva.es/val/estacio/46258001-villar-del-arzobispo
"POINT (720237.120226319 4287254.38987658)","581671","278","03009006",Alcoi - Verge dels Lliris,"-0.46721615","38.70651691","720237.12","4287254.39",Alcoi,"03009",Alcoi/Alcoy,l'Alcoià,Alacant/Alicante,"38.774121746","-0.554450758",2026-05-12 07:35:14+02,Inmision,U,"-1",Ozono,"54","2",RAZONABLEMENTE BUENA (O3),RAONABLEMENT BONA (O3),#00B050,"001",SO2,2 µg/m³,"1",BUENA,BONA,#00FFFF,"008",NO2,19 µg/m³,"1",BUENA,BONA,#00FFFF,,,,,,,,,,,,,,,"014",O3,54 µg/m³,"2",RAZONABLEMENTE BUENA,RAONABLEMENT BONA,#00B050,https://rvvcca.pica.gva.es/es/estacion/03009006-alcoi-verge-dels-lliris,https://rvvcca.pica.gva.es/val/estacio/03009006-alcoi-verge-dels-lliris
"POINT (718068.220236529 4245514.04882909)","581635","600","03014014",Alacant_AP_D_Pesquera,"-0.50515087","38.33124555","718068.22","4245514.05",Alacant,"03014",Alacant/Alicante,l'Alacantí,Alacant/Alicante,"40.054351485","-0.350219964",2026-05-12 07:35:14+02,Inmision,S,"-1","Partículas en Suspensión (< 2,5 µm)","14","2",RAZONABLEMENTE BUENA (PM2.5),RAONABLEMENT BONA (PM2.5),#00B050,,,,,,,,,,,,,,,"009",PM2.5,14 µg/m³,"2",RAZONABLEMENTE BUENA,RAONABLEMENT BONA,#00B050,"010",PM10,18 µg/m³,"1",BUENA,BONA,#00FFFF,,,,,,,,https://rvvcca.pica.gva.es/es/estacion/03014014-alacantapdpesquera,https://rvvcca.pica.gva.es/val/estacio/03014014-alacantapdpesquera
"POINT (748602.170981974 4273252.29959157)","581696","329","03031002",Benidorm,"-0.14637164","38.57297101","748602.17","4273252.3",Benidorm,"03031",Benidorm,la Marina Baixa,Alacant/Alicante,"39.512701222","-0.356113512",2026-05-12 07:35:14+02,Inmision,S,"-1",Ozono,"73","2",RAZONABLEMENTE BUENA (O3),RAONABLEMENT BONA (O3),#00B050,,,,,,,,"008",NO2,1 µg/m³,"1",BUENA,BONA,#00FFFF,,,,,,,,,,,,,,,"014",O3,73 µg/m³,"2",RAZONABLEMENTE BUENA,RAONABLEMENT BONA,#00B050,https://rvvcca.pica.gva.es/es/estacion/03031002-benidorm,https://rvvcca.pica.gva.es/val/estacio/03031002-benidorm
"POINT (668870.600480192 4257700.06918731)","581681","394","03105001",el Pinós,"-1.06474117","38.45162966","668870.6","4257700.07",Pinoso,"03105","Pinós, el/Pinoso",el Vinalopó Mitjà/El Vinalopó Medio,Alacant/Alicante,"39.749844743","-0.996575088",2026-05-12 07:35:14+02,Inmision,R,"-1",Ozono,"60","2",RAZONABLEMENTE BUENA (O3),RAONABLEMENT BONA (O3),#00B050,"001",SO2,3 µg/m³,"1",BUENA,BONA,#00FFFF,"008",NO2,2 µg/m³,"1",BUENA,BONA,#00FFFF,,,,,,,,,,,,,,,"014",O3,60 µg/m³,"2",RAZONABLEMENTE BUENA,RAONABLEMENT BONA,#00B050,https://rvvcca.pica.gva.es/es/estacion/03105001-el-pinos,https://rvvcca.pica.gva.es/val/estacio/03105001-el-pinos
"POINT (702795.610093514 4207570.86919735)","581669","497","03133002",Torrevieja,"-0.6905527","37.993143","702795.61","4207570.87",Torrevieja,"03133",Torrevieja,el Baix Segura/La Vega Baja,Alacant/Alicante,"38.805400733","-0.159284601",2026-05-12 07:35:14+02,Inmision,U,"-1",Ozono,"52","2",RAZONABLEMENTE BUENA (O3),RAONABLEMENT BONA (O3),#00B050,,,,,,,,"008",NO2,11 µg/m³,"1",BUENA,BONA,#00FFFF,"009",PM2.5,4 µg/m³,"1",BUENA,BONA,#00FFFF,"010",PM10,5 µg/m³,"1",BUENA,BONA,#00FFFF,"014",O3,52 µg/m³,"2",RAZONABLEMENTE BUENA,RAONABLEMENT BONA,#00B050,https://rvvcca.pica.gva.es/es/estacion/03133002-torrevieja,https://rvvcca.pica.gva.es/val/estacio/03133002-torrevieja
"POINT (745842.420826221 4502454.92981475)","581700","018","12080007",Morella,"-0.0929485","40.63636436","745842.42","4502454.93",Morella,"12080",Morella,els Ports,Castelló/Castellón,"38.740527339","-0.011188591",2026-05-12 07:35:14+02,Inmision,R,"-1",Ozono,"81","2",RAZONABLEMENTE BUENA (O3),RAONABLEMENT BONA (O3),#00B050,"001",SO2,4 µg/m³,"1",BUENA,BONA,#00FFFF,"008",NO2,3 µg/m³,"1",BUENA,BONA,#00FFFF,,,,,,,,,,,,,,,"014",O3,81 µg/m³,"2",RAZONABLEMENTE BUENA,RAONABLEMENT BONA,#00B050,https://rvvcca.pica.gva.es/es/estacion/12080007-morella,https://rvvcca.pica.gva.es/val/estacio/12080007-morella
"POINT (760523.9801569 4508909.54891187)","581701","019","12093004",Coratxà,"0.08310178","40.68992977","760523.98","4508909.55",La Pobla de Benifassà,"12093",La Pobla de Benifassà,el Baix Maestrat,Castelló/Castellón,"39.403838252","-0.40606911",2026-05-12 07:35:14+02,Inmision,R,"-1",Ozono,"83","2",RAZONABLEMENTE BUENA (O3),RAONABLEMENT BONA (O3),#00B050,"001",SO2,2 µg/m³,"1",BUENA,BONA,#00FFFF,"008",NO2,5 µg/m³,"1",BUENA,BONA,#00FFFF,,,,,,,,,,,,,,,"014",O3,83 µg/m³,"2",RAZONABLEMENTE BUENA,RAONABLEMENT BONA,#00B050,https://rvvcca.pica.gva.es/es/estacion/12093004-coratxa,https://rvvcca.pica.gva.es/val/estacio/12093004-coratxa
"POINT (733343.940599958 4479481.17953377)","581659","020","12129001",Vilafranca,"-0.24904897","40.43325918","733343.94","4479481.18",Villafranca del Cid,"12129",Vilafranca/Villafranca del Cid,els Ports,Castelló/Castellón,"38.801378569","-0.072685896",2026-05-12 07:35:14+02,Inmision,S,"-1",Ozono,"51","2",RAZONABLEMENTE BUENA (O3),RAONABLEMENT BONA (O3),#00B050,"001",SO2,6 µg/m³,"1",BUENA,BONA,#00FFFF,"008",NO2,4 µg/m³,"1",BUENA,BONA,#00FFFF,,,,,,,,,,,,,,,"014",O3,51 µg/m³,"2",RAZONABLEMENTE BUENA,RAONABLEMENT BONA,#00B050,https://rvvcca.pica.gva.es/es/estacion/12129001-vilafranca,https://rvvcca.pica.gva.es/val/estacio/12129001-vilafranca
"POINT (726145.650738243 4406931.86984787)","581642","509","46028001",Algar de Palància,"-0.35921293","39.78230654","726145.65","4406931.87",Algar de Palancia,"46028",Algar de Palància,el Camp de Morvedre,València/Valencia,"40.054485843","0.062115587",2026-05-12 07:35:14+02,Inmision,R,"-1",Ozono,"60","2",RAZONABLEMENTE BUENA (O3),RAONABLEMENT BONA (O3),#00B050,"001",SO2,3 µg/m³,"1",BUENA,BONA,#00FFFF,"008",NO2,3 µg/m³,"1",BUENA,BONA,#00FFFF,"009",PM2.5,2 µg/m³,"1",BUENA,BONA,#00FFFF,"010",PM10,2 µg/m³,"1",BUENA,BONA,#00FFFF,"014",O3,60 µg/m³,"2",RAZONABLEMENTE BUENA,RAONABLEMENT BONA,#00B050,https://rvvcca.pica.gva.es/es/estacion/46028001-algar-de-palancia,https://rvvcca.pica.gva.es/val/estacio/46028001-algar-de-palancia
"POINT (690619.930384534 4366240.43918408)","581705","425","46077006",Buñol  Cimsa,"-0.78544592","39.42463331","690619.93","4366240.44",Buñol,"46077",Buñol,La Hoya de Buñol,València/Valencia,"39.725031832","-0.973548722",2026-05-12 07:35:14+02,Inmision,S,"-1",Ozono,"66","2",RAZONABLEMENTE BUENA (O3),RAONABLEMENT BONA (O3),#00B050,"001",SO2,1 µg/m³,"1",BUENA,BONA,#00FFFF,"008",NO2,10 µg/m³,"1",BUENA,BONA,#00FFFF,"009",PM2.5,3 µg/m³,"1",BUENA,BONA,#00FFFF,"010",PM10,5 µg/m³,"1",BUENA,BONA,#00FFFF,"014",O3,66 µg/m³,"2",RAZONABLEMENTE BUENA,RAONABLEMENT BONA,#00B050,https://rvvcca.pica.gva.es/es/estacion/46077006-bunol-cimsa,https://rvvcca.pica.gva.es/val/estacio/46077006-bunol-cimsa
"POINT (718090.370552538 4381122.36963389)","581643","393","46190005",Paterna - CEAM,"-0.46170948","39.55208592","718090.37","4381122.37",Paterna,"46190",Paterna,l'Horta Nord,València/Valencia,"38.915299573","-0.194470431",2026-05-12 07:35:14+02,Inmision,S,"-1",Ozono,"61","2",RAZONABLEMENTE BUENA (O3),RAONABLEMENT BONA (O3),#00B050,"001",SO2,1 µg/m³,"1",BUENA,BONA,#00FFFF,"008",NO2,18 µg/m³,"1",BUENA,BONA,#00FFFF,,,,,,,,,,,,,,,"014",O3,61 µg/m³,"2",RAZONABLEMENTE BUENA,RAONABLEMENT BONA,#00B050,https://rvvcca.pica.gva.es/es/estacion/46190005-paterna-ceam,https://rvvcca.pica.gva.es/val/estacio/46190005-paterna-ceam
"POINT (737209.197186382 4393989.5524299)","581664","665","46220015",Sagunt HOLCIM Port,"-0.234818","39.662819","737209.2","4393989.55",Sagunt,"46220",Sagunt/Sagunto,el Camp de Morvedre,València/Valencia,"39.683797869","-0.429925792",2026-05-12 07:35:14+02,Inmision,U,"-1",Partículas en Suspensión (< 10 µm),"39","2",RAZONABLEMENTE BUENA (PM10),RAONABLEMENT BONA (PM10),#00B050,,,,,,,,,,,,,,,,,,,,,,"010",PM10,39 µg/m³,"2",RAZONABLEMENTE BUENA,RAONABLEMENT BONA,#00B050,,,,,,,,https://rvvcca.pica.gva.es/es/estacion/46220015-sagunt-holcim-port,https://rvvcca.pica.gva.es/val/estacio/46220015-sagunt-holcim-port
"POINT (737509.520864306 4394237.46906168)","581653","013","46220003",Sagunt - Port,"-0.23123181","39.66496682","737509.52","4394237.47",Sagunt,"46220",Sagunt/Sagunto,el Camp de Morvedre,València/Valencia,"39.683797869","-0.429925792",2026-05-12 07:35:14+02,Inmision,U,"-1",Partículas en Suspensión (< 10 µm),"27","2",RAZONABLEMENTE BUENA (PM10),RAONABLEMENT BONA (PM10),#00B050,"001",SO2,1 µg/m³,"1",BUENA,BONA,#00FFFF,"008",NO2,14 µg/m³,"1",BUENA,BONA,#00FFFF,"009",PM2.5,7 µg/m³,"1",BUENA,BONA,#00FFFF,"010",PM10,27 µg/m³,"2",RAZONABLEMENTE BUENA,RAONABLEMENT BONA,#00B050,"014",O3,53 µg/m³,"2",RAZONABLEMENTE BUENA,RAONABLEMENT BONA,#00B050,https://rvvcca.pica.gva.es/es/estacion/46220003-sagunt-port,https://rvvcca.pica.gva.es/val/estacio/46220003-sagunt-port
